"title","brand","description","starsBreakdown/3star","starsBreakdown/4star","starsBreakdown/5star","reviewsCount","price","price/currency","price/value","categoryPageData/productPosition"
"Ferrero Rocher, 24 Count, Premium Milk Chocolate Hazelnut, Valentine's Chocolate Gift Box, 10.6 oz","Ferrero Rocher","Ferrero Rocher's milk chocolate gift box offers a unique taste experience of contrasting layers: a whole crunchy hazelnut in the heart and a delicious, creamy hazelnut filling surrounded with milk chocolate, crispy wafers and gently roasted hazelnut pieces. And thanks to its signature golden wrapper, Ferrero Rocher is even more unique and special. The iconic original. Celebrate the moment with Ferrero Rocher. Since the 1940s, Ferrero has delighted consumers with premium, one-of-a-kind chocolate treats. What began as a local pasticceria in Italy’s Piemonte region is now one of the world’s most popular confectioners, satisfying cravings in over 100 countries worldwide. Thanks to a commitment to quality, freshness and a unique taste experience, Ferrero continues to delight chocolate lovers all over the world.","0.02","0.07","0.89","20021",,"$","11.39","7"
"HERSHEY'S NUGGETS Assorted Chocolate, Valentine's Day Candy Party Pack, 31.5 oz","HERSHEY'S","This HERSHEY'S NUGGETS candy assortment is filled with delicious assorted chocolate treats any chocolate lover will adore, and it includes scrumptious candies that are the perfect size for snacking. Dress your kitchen table up with a bowl of HERSHEY'S NUGGETS goodies, surprise your co-workers with a filled candy dish or drop a handful of these treats into a party bag for an instant, anytime gift. This chocolate variety pack includes HERSHEY'S SPECIAL DARK mildly sweet chocolate with almonds, milk chocolate, milk chocolate with almonds and extra creamy milk chocolate with almonds and toffee.","0.03","0.1","0.84","18891",,"$","10.69","16"
"LEGO Icons Flower Bouquet Building Decoration Set - Artificial Flowers with Roses, Home Accessories or Valentine Décor for Him and Her, Gift for Valentines Day, Botanical Collection for Adults, 10280","LEGO","Giving and receiving beautiful flowers is such a joy. If you’re looking for a flower gift with a difference, the LEGO Flower Bouquet (10280) is an inspired choice. Whether you’re treating a loved one to a Valentines Day gift, or are looking for your next creative project, this flower bouquet model building kit lets you relax, unplug and create something wonderful. When complete, the impressive flower display brings a touch of fun and color to any room. The adjustable stems make it easy to tailor the arrangement for any vase or container. Each detail of the bouquet is made from LEGO components – all customizable to create a unique display. Most of the flowers have petals that can be positioned in different ways so you can have fun designing different arrangements. Take the stems apart and recombine to adjust the height and shape of your flowers. Part of the LEGO Botanical Collection for adults, this set includes several elements made from a plant-based plastic, produced using sustainably sourced sugarcane. Contains 756 pieces.","0.01","0.05","0.92","19395",,"$","47.99","2"
"BodyRefresh Shower Steamers Aromatherapy - 8 Pack Shower Bombs with Essential Oils. Self Care Birthday Gifts for Women, Gifts for Women Men Mom, Valentines Day Gifts for Her Him","BodyRefresh",,"0.07","0.15","0.67","593",,"$","9.99","10"
"JoJowell Shower Steamers Aromatherapy - 21Pcs Shower Bombs Gifts for Women Essential Oil, Nasal Relief, Self Care, Birthday Gifts for Women, Gifts for Mom, Valentines Day Gifts for Her Him","JoJowell",,"0.1","0.15","0.63","816",,"$","21.99","11"
"ChunRun Valentines Day Gifts - I Hope Your Day Keychain - Perfect Gifts for Her, Girlfriend, Husband, Wife I Love You Romantic Presents Gift Ideas","ChunRun",,"0","0.49","0.51","2",,"$","9.99","44"
"LEGO Cherry Blossoms Gift for Valentine's Day, Buildable Floral Display for Creative Kids, White and Pink Cherry Blossom, Spring Flower Gift for Girls and Boys Aged 8 and Up, 40725","LEGO","Mark the arrival of spring and new beginnings with this LEGO Cherry Blossoms (40725) celebration gift for aspiring florists and nature lovers aged 8 and up. Featuring 2 buildable cherry blossom twigs that can be decorated with delicate buds in shades of white and pink. This set encourages flower-lovers to create customized LEGO blooms with beautiful spring flowers. As well as being a celebration gift for kids, the brick-built blossoms make a great gift for grown-ups, who will be delighted to receive these unique flowers on Valentine’s Day or Mother’s Day. Once complete, the set makes a beautiful piece of floral room decor that will add a touch of spring joy to any space. It can also be combined with other LEGO flowers (sold separately) to create a vibrant bouquet. Contains 430 pieces.","0.05","0.07","0.83","55",,"$","14.99","4"
"Body Restore Shower Steamers Aromatherapy 6 Packs - Valentines Day Gifts, Relaxation Birthday Gifts for Women and Men, Stress Relief and Effortless Self Care, Bloom Variety Scent Shower Bath Bombs","Body Restore",,"0.08","0.15","0.7","12655",,"$","14.39","15"
"40 Date Ideas Card Games for Couples Date Night - Unique Date Deck Scratch Off Cards, Valentines Day Gifts for Boyfriend - Romantic Newlywed and Wedding Anniversary Couples Gifts for Him and Her","Tryuunion",,"0.08","0.13","0.75","649",,"$","15.95","48"
"JOYIN 24 PCS Valentine's Day Heart Stress Balls 1.6""x1.6"" for Kids, Squishy Toys Slow Rising for School Carnival Reward, Valentine Party Present Fillers, Valentines Day Gifts, Relieve Stress Toys","JOYIN",,"0.06","0.13","0.77","721",,"$","21.99","52"
"LEGO Sunflowers Building Kit, Artificial Flowers for Home Décor, Gift for Valentine's Day, Flower Building Toy Set for Kids, Sunflower Gift for Girls and Boys Ages 8 and Up, 40524","LEGO","Sunflowers bring instant cheer and optimism to their surroundings, and now you can build your own model version of this beloved flower with the vibrant LEGO Sunflowers (40524) building kit. These artificial flowers make for great home décor as they brighten up the room and inspire creativity. Create an eye catching sunflower display or make a mixed bouquet by adding the LEGO Flower Bouquet (10280), LEGO Roses (40460) or LEGO Tulips (40461) flower building toy sets (sold separately). It also makes a great sunflower gift for Valentine's Day, Mother’s Day, anniversaries or an anytime treat for a friend or loved one. Contains 191 pieces.","0.02","0.07","0.72","1539",,"$","14.99","3"
"Hallmark Valentines Day Cards for Kids and Mailbox for Classroom Exchange, Minecraft (1 Box, 32 Valentine Cards, 35 Stickers, 1 Teacher Card)","Hallmark","Minecraft-loving kids will be thrilled to hand out these super fun Valentine's day cards to all their friends at their classroom exchange. Moms and dads will be thrilled with the convenience of the easy pop-up collection box. With a fun design Straight out of their favorite game, This Valentine's kit is sure to be a hit with the elementary or middle School set. The Hallmark brand is widely recognized as the very best for greeting cards, gift wrap, and more. For more than 100 years, Hallmark has been helping its customers make everyday moments more beautiful and celebrations more joyful.","0.03","0.1","0.84","3677",,"$","9.99","5"
"Ferrero Rocher Collection, 48 Count, Gourmet Assorted Hazelnut Chocolate and Coconut, Valentine's Chocolate, 18.2 oz","Ferrero Rocher","This Valentine's Day, revel in the irresistible delight that is the Ferrero Collection. You'll love this luxury gift box that's filled with 48 of our irresistible chocolates. An exquisite collection of delicious confections crafted from hazelnut milk chocolate, dark chocolate and white almond coconut truffles, the Ferrero Collection gift box features original, iconic Ferrero Rocher, lusciously layered Raffaello and delicious dark chocolate Rondnoir truffles. Each and every piece is made from the highest-quality ingredients and presented in an elegant diamond-cut premium chocolate gift box that makes a great romantic gift or Valentine's Day centerpiece. Perfect for sharing and gifting all season long, because there is something for everyone in this elegant box of assorted chocolates. Celebrate the moment with someone special and savor the variety of unique chocolate treats with this Ferrero Collection.","0.03","0.08","0.86","28226",,"$","29.29","41"
"Brach's Valentine's Day Tiny Conversation Hearts, Friendship Exchange, 1 oz Boxes, 24 Ct","Brach's","Brach’s Tiny Conversation Hearts are an iconic, heart-shaped favorite among candy fanatics who want to make it a classic Valentine’s Day. This bag of Valentine's candy hearts is a crunchy and flavorful candy delight that brings love and nostalgia together on Valentine's Day for old school candy fun. These boxes include delicious flavors including Wintergreen, Banana, Orange, Lemon, Cherry, and Grape. Each Valentine's Conversation Hearts Candy has a colorful saying imprinted on the front to add a sweet and silly spark to your holiday moments. These classic hearts are the perfect bulk Valentine's candy purchase to save on adding a special touch to your Valentine’s Day gifts for family or friends. Make your own Valentine's Day bags for school treats, party candy variety pack mix, or use them to make individual Valentines for a class candy exchange event. These tiny hearts go a long way, making one bag an unbeatable bulk candy buy – enough to share, gift, and enjoy. Add a timeless touch to Valentine’s Day with Brach’s Tiny Conversation Hearts Candy.","0.06","0.09","0.77","688",,"$","24.1","43"
"Hallmark Valentine's Day Paper Treat Sacks (30 Bags: Happy Valentine's Day, Hearts) for Classroom Parties, Valentines, Kids, Coworkers","Hallmark",,"0.05","0.1","0.83","128",,"$","9.99","45"
"grace & stella Under Eye Mask (Gold, 24 Pairs) Reduce Dark Circles, Puffy Eyes, Undereye Bags, Wrinkles - Gel Under Eye Patches - Gifts for Women - Valentines Day Gifts for Her - Vegan Cruelty Free","grace & stella",,"0.08","0.15","0.69","21545",,"$","21.95","49"
"I LOVE YOU Red Valentine Chocolate Dipped Oreo Cookies | Olde Naples Hand Decorated Cookies | Romantic Gift Basket 7pc Oreo Cookies Assortmentent","Olde Naples Chocolate",,"0.07","0.1","0.74","474",,,,"34"
"ORIENTAL CHERRY Valentines Day Gifts for Kids - 24 Pack Valentines Cards Keychain - Valentine Gift Exchange for Classroom School Party Favor Boys Girls Toddlers","ORIENTAL CHERRY",,"0.12","0.12","0.57","12",,"$","35.99","35"
"Ferrero Collection, 12 Count, Assorted Milk and Dark Chocolate Hazelnut and Coconut, Valentine's Chocolate Gift Box, 4.6 oz","Ferrero Rocher","If you love Ferrero Rocher, you will love these Ferrero Collection chocolate gift boxes. An exquisite collection of delicious confections crafted from milk and dark chocolate as well as coconut almond truffles, the Ferrero Collection gift box features original, iconic Ferrero Rocher, lusciously layered Raffaello and delicious dark chocolate Rondnoir truffles. Each and every piece is made from the highest-quality ingredients and presented in an elegant diamond-cut gourmet chocolate gift box. Perfect for sharing and gifting, because there is something for everyone in this elegant box of assorted chocolates. Savor the variety of unique delights with this Ferrero Collection. Since the 1940s, Ferrero has delighted consumers with premium, one-of-a-kind chocolate treats. What began as a local pasticceria in Italy’s Piemonte region is now one of the world’s most popular confectioners, satisfying cravings in over 100 countries worldwide. Thanks to a commitment to quality, freshness and a unique taste experience, Ferrero continues to delight chocolate lovers all over the world.","0.04","0.09","0.84","4770",,,,"38"
"2 Pcs Anniversary Date Night Gifts for Couples Food Decision Dice Decider Valentines Day Gifts for Him Her Christmas Birthday Gifts for Husband Wife Boyfriend Girlfriend Funny Gifts for Women Men","Sophauteem",,"0.02","0.11","0.83","170",,"$","18.99","40"
"Marycele Candle Warmer Lamp, Electric Candle Lamp Warmer, Gifts for Mom, Bedroom Home Decor Dimmable Wax Melt Warmer for Scented Wax with 2 Bulbs, Jar Candles, Valentines Day Gifts","Marycele",,"0.05","0.07","0.78","1121",,,,"47"
"Lindt LINDOR Assorted Chocolate Candy Truffles, Valentine's Day Chocolate, 15.2 oz. Bag","Lindt","Remind friends or loved ones of how much they mean to you this Valentines Day with Lindt LINDOR Assorted Chocolate Truffles. These chocolate candy truffles are the perfect indulgence and make a thoughtful gift on their own or the perfect pairing with flowers or a bottle of wine for your special someone. Finely crafted with a premium chocolate shell, these chocolate candy truffles feature irresistibly smooth, melting centers for the ultimate chocolate experience. These Lindt LINDOR chocolate truffles are individually wrapped, making them perfect for gifting or arranging with rose petals to decorate for a romantic date night in. Using premium ingredients from world-renowned regions, Lindt Master Chocolatiers have been perfecting the art of fine chocolates with unmatched passion and commitment for over 175 years.","0.04","0.09","0.81","2369",,"$","11.49","33"
"STARBURST FaveReds Valentine's Day Fruit Chews Chewy Candy, Sharing Size, 15.6 oz Bag","Starburst","Like a mixtape of your favorite songs, STARBURST FaveREDS Chewy Candy is a mix of your favorite juicy red flavors all in one place. Enjoy an Valentine's Day mix of strawberry, fruit punch, watermelon and cherry chewy candy flavors in a resealable bag. STARBURST Candy Assortment are unexplainably juicy, deliciously fruity and amazingly chewy. Great for party favors, Galentines and Valentines gift exchange. Surprise the STARBURST FaveREDS fan in your life with Valentine candy gifts. You can also use individually wrapped STARBURST Fruit Chews to decorate Valentine's Day desserts. Stock up on these fruity, colorful candies and create deliciously fun moments.","0.04","0.1","0.84","9524",,"$","3.32","1"
"ORALER Gifts for Boyfriend Men,Valentines Day Gifts for Him Teenage Boys,Christmas White Elephant Stocking Stuffers for Dad","ORALER",,"0.07","0.14","0.77","189",,"$","6.99","36"
"SKITTLES Valentine's Day Wild Berry Chewy Candy, Sharing Size, 15.6 oz Bag","Skittles","Loaded with wild berry flavors, these SKITTLES Wild Berry Chewy Candy pure Valentine's Day pleasure in every bite. Get wild with berry punch, strawberry, melon berry, wild cherry, and raspberry fruity candy flavors. Experience all of your favorite wild berry flavors packed in colorful, bite-sized candies. From candy buffets to Valentine's Day candy exchange, SKITTLES Wild Berry Sharing Size Candy comes with enough fruity, chewy candy to share with friends, family and coworkers. Great for party favors, Galentines and Valentines gift exchange. TASTE THE RAINBOW.","0.05","0.1","0.79","19772",,,,"30"
"Jerky Valentine's Gift Bag - Cute Bag filled with a Curated Assortment of Unique Beef Jerky and Beef Sticks - Valentines Gift for Men, Great gifts for Men Who Have Everything","BUNNY · JAMES ·",,"0.12","0.15","0.54","452",,"$","19.99","27"
"Lindt LINDOR Milk Chocolate Candy Truffles, Valentine's Day Chocolate, 15.2 oz. Bag","Lindt","Remind friends or loved ones of how much they mean to you this Valentines Day with Lindt LINDOR Milk Chocolate Truffles. These milk chocolate candy truffles are the perfect indulgence and make a thoughtful gift on their own or the perfect pairing with flowers or a bottle of wine for your special someone. Finely crafted with a premium milk chocolate shell, these milk chocolate candy truffles feature irresistibly smooth, melting centers for the ultimate chocolate experience. These Lindt LINDOR chocolate truffles are individually wrapped, making them perfect for gifting or arranging with rose petals to decorate for a romantic date night in. Using premium ingredients from world-renowned regions, Lindt Master Chocolatiers have been perfecting the art of fine chocolates with unmatched passion and commitment for over 175 years.","0.03","0.07","0.82","3540",,"$","11.49","24"
"EGD Acrylic Personalized Gifts Spotify Plaque | Customized Valentines Day Gifts For Him & Her | Choose Your Favorite Photo & Song For A Unique Personalized Valentines Day Gift","EGD",,"0.06","0.1","0.72","4717",,,,"25"
"Philadelphia Candies Milk Chocolate Covered OREO® Cookies, Valentine's Day Gift 8 Ounce","Philadelphia Candies","Our Valentine's Day gift box contains 4 Heart decorated cookies and 4 undecorated cookies for the highest visual appeal. Makes the perfect gift for that significant other! Made with OREO Cookies covered in Philadelphia Candies milk chocolate. OREO is a registered trademark of Mondelez International. Safety sealed for your protection. Quality and freshness ensured with tamper-proof packaging. Personalized message and gift wrap available during checkout. Philadelphia Candies offers 100% happiness on all chocolates. Philadelphia Candies has been manufacturing fine chocolates in Hermitage, Pennsylvania for over 100 years. The company was founded in 1919 and operates retail stores in Pennsylvania and Ohio.","0.06","0.11","0.75","4307",,"$","14.25","32"
"Burt's Bees Essential Everyday Beauty Valentines Day Gifts Set, 5 Travel Size Products - Deep Cleansing Cream, Hand Salve, Body Lotion, Foot Cream and Lip Balm","Burt's Bees",,"0.04","0.11","0.83","40125",,,,"39"
"Gifts for Women, Mom, Wife, Girlfriend, Sister, Her - Happy Birthday, Christmas, Valentine's Day, Mothers Day Gifts - Lavender Spa Gift Basket Set","LE CADEAU",,"0.03","0.07","0.87","393",,"$","22.99","31"
"Valentines Day Gifts for Her,Birthday Gifts for Women,Valentines Flowers Gifts for Women,Valentine's Day Roses Gifts for Mom Girlfriend Wife,Colorful Rose In A Glass Dome Gifts for Valentine Day","QUNPON",,"0.04","0.09","0.84","4062",,"$","14.98","26"
"Him Her Couple Gifts for Boyfriend Girlfriend Food Decider 11th Anniversary Steel Date Night Gifts for Husband Wife for Wedding Christmas Valentines Birthday for Women Men","STUNFASSOO",,"0.06","0.1","0.8","333",,"$","13.99","20"
"Candles Gifts for Her Funny Novelty Unique Valentines Day Anniversary Christmas Birthday Gift for Girlfriend Wife Lavender Scented Soy Candle","BFJLIFE","Our products are built on two principles: service and quality.Our mission is to provide high quality Candles with no retail mark-up and to provide everyone with a good price When you're happy, we're happy Keeping our customers happy is what keeps us going, and we are committed to giving you a great check-up at all times We believe in the beauty of simplicity, our products are small and simple, suitable for all styles. If you are interested in the Candles or have questions, please feel free to contact us.We will give you a satisfactory reply within 24 hours.","0.07","0.12","0.73","316",,,,"23"
"Valentines Day Gifts for Him/Her, Romantic Novelty Gifts Toilet Paper, Funny Gag Gifts for Adults Men Women Boyfriend Girlfriend, Valentine's Day Decor for Party Supplies Christmas Stocking Stuffers","Likeny",,"0.06","0.12","0.73","464",,"$","11.99","29"
"Ferrero Collection, 16 Count, Assorted Hazelnut, Chocolate and Coconut, Valentine's Chocolate Heart Gift Box, 6.2 oz","Ferrero Rocher","This Valentine's Day, revel in the irresistible delight that is Ferrero Collection. You'll love this luxury heart-shaped gift box that's filled with 16 of our irresistible Ferrero Collection chocolates. An exquisite collection of delicious confections crafted from hazelnut milk chocolate, dark chocolate and white almond coconut truffles, the Ferrero Collection gift box features original, iconic Ferrero Rocher, lusciously layered Raffaello and delicious dark chocolate Rondnoir truffles. Each and every piece is made from the highest-quality ingredients and presented in an elegant heart-shaped premium chocolate gift box that makes a great romantic gift or Valentine's Day centerpiece. Perfect for sharing and gifting all season long, because there is something for everyone in this elegant box of assorted chocolates. Celebrate the moment with someone special and savor the variety of unique chocolate treats with this Ferrero Collection.","0","0.09","0.85","46",,"$","9.97","14"
"EBMORE Womens Fuzzy Socks Slipper Soft Cabin Plush Warm Fluffy Winter Sleep Cozy Adult Socks","EBMORE",,"0.04","0.1","0.82","3214",,,,"28"
"Brach's FRIENDS Valentine's Day Conversation Hearts Candy, 6 oz Bag","Brach's","Brach’s Friends Conversation Hearts are a twist on the iconic, heart-shaped favorite among candy fanatics who want to make it a classic Valentine’s Day. This bag of Friends Valentine's candy hearts is a crunchy and flavorful candy delight that brings a fun twist on love and nostalgia together on Valentine's Day for old school candy fun. This bag includes delicious flavors including Cherry, Watermelon, Strawberry, Pineapple, Orange, and Blueberry. Each Friends Valentine's Conversation Hearts Candy has a colorful saying like “Pivot” or “How u Doin?” imprinted on the front to add a sweet and silly spark to your holiday moments. These hearts are the perfect bulk Valentine's candy purchase to save on adding a special touch to your Valentine’s Day gifts for family or friends. Make your own Valentine's Day bags for school treats, party candy variety pack mix, or use them to make individual Valentines for a class candy exchange event. These Friends hearts go a long way, making one bag an unbeatable bulk candy buy – enough to share, gift, and enjoy. Add a twist to the timeless candy hearts this Valentine’s Day with Brach’s Friends Conversation Hearts Candy.","0.09","0.1","0.58","416",,"$","11.5","22"
"Valentine's Day Gift Care Package (50ct) Snacks Chocolates Candy Gift Box Assortment Variety Bundle Crate Present for Boy Girl Friend Student College Child Husband Wife Boyfriend Girlfriend Love Niece","CRAVEBOX",,"0.06","0.11","0.77","2637",,,,"17"
"LUCKOR Personalized Valentines Day Gifts for Him Her, Customized Spotify Acrylic Plaque with Photo, Custom LED Walnut Picture Frame for Boyfriend Girlfriend, Anniversary Romantic Gifts for Couples","LUCKOR",,"0.04","0.08","0.75","398",,,,"9"
"Jinsome 32 Pack Valentine's Day Heart-Shaped Pop Fidget Toys for Kids, Classroom Bulk Gifts with Keychains & Cards, Perfect for School Party & Class Exchanges","Jinsome",,"0","0.09","0.91","26",,"$","18.99","21"
"LEGO Heart Ornament Building Toy Kit, Heart Shaped Arrangement of Artificial Flowers, Great Gift for Valentine's Day, Unique Arts & Crafts Activity for Kids, Girls and Boys Ages 9 and Up, 40638","LEGO",,"0.02","0.07","0.87","401",,,,"13"
"HERSHEY'S and REESE'S Assorted Chocolate, Valentine's Day Candy Variety Bag, 23.67 oz","HERSHEY'S","HERSHEY'S and REESE'S assorted chocolate candies are fun Valentine's Day exchange treats you can give to family, friends, classmates, teammates, co-workers or anyone who deserves a personalized chocolate candy delivery. This gift box contains HERSHEY'S KISSES milk chocolate candy, REESE'S Miniatures milk chocolate peanut butter cups candy, HERSHEY'S milk chocolate candy bars, HERSHEY'S SPECIAL DARK mildly sweet chocolate candy bars, HERSHEY'S MR. GOODBAR chocolate candy with peanuts bars and HERSHEY'S KRACKEL chocolate candy with crisped rice bars.","0.04","0.09","0.84","1586",,,,"6"
"Ferrero Rocher, 42 Count, Gourmet Milk Chocolate Hazelnut, Valentine's Chocolate, Individually Wrapped, 18.5 oz","Ferrero Rocher","This Valentine's Day, revel in the irresistible delight that is Ferrero Rocher gourmet chocolate. You'll love this luxury gift box that's filled with 42 of our irresistible Ferrero Rocher chocolates. Crafted with a tempting combination of whole crunchy hazelnuts dipped in delicious creamy chocolate hazelnut filling and covered with milk chocolate, crispy wafers, and gently roasted hazelnut pieces. Made from the highest-quality ingredients and presented in an elegant premium chocolate gift box, each piece is individually wrapped in our signature golden wrapper, making this perfect romantic gift even more unique and special. Celebrate the moment with someone special and Ferrero Rocher.","0.02","0.06","0.89","9659",,,,"12"
"Beferr Valentines Day Gifts for Her Women Birthday Gifts Galaxy Rose Enchanted Crystal Flower Gift 8.6"" Light Up Rose in Glass Dome Valentines Roses Ideas Gifts for Mom Wife Sister Girlfriend","Beferr",,"0.04","0.08","0.84","405",,"$","19.99","51"
"Shower Steamers Aromatherapy - 18 Pack Shower Bombs Birthday Gifts for Women, Valentines Day Gifts for Her, Organic with Eucalyptus Mint Lavender Watermelon Grapefruit Essential Oils Stress Relief","JoJowell",,"0.09","0.15","0.66","1522",,"$","24.99","46"
"LEGO Icons Wildflower Bouquet Botanical Collection Building Set for Adults, Valentine Décor for Him or Her, Artificial Flowers with Poppies and Lavender, Unique Gift for Valentines Day, 10313","LEGO",,"0.01","0.04","0.94","3510",,,,"8"
"Push Pop 24 Count Individually Wrapped Lollipops - Variety Candy Party Pack - Bulk Lollipop Suckers in Assorted Fruity Flavors - Valentine’s Day Candy For Kids Candy Gifts and Party Favors","Push Pop",,"0.03","0.09","0.84","4231",,"$","14.83","42"
"Peaceable Kingdom Valentines Cards for Kids Classroom, Set of 28 Valentines Day Gifts - Pop Out Airplanes","Peaceable Kingdom",,"0.1","0.13","0.73","1023",,"$","16.95","18"
"Valentines Day Gifts for Her Galaxy Rose Gifts for Women Gifts for Mom Wife Forever Rose Flowers Personalized Gifts for Women Glass Rose Flower Gift Daughter Valentine Gifts","ZALIK",,"0.04","0.11","0.81","1739",,"$","12.99","19"
"Burt's Bees Lip Balm Valentines Day Gifts, Pink Grapefruit, Mango, Coconut and Pear & Pomegranate, With Responsibly Sourced Beeswax, Tint-Free, Natural Conditioning Lip Treatment, 4 Tubes, 0.15 oz.","Burt's Bees","Burt's Bees Lip Balm instantly softens and hydrates your lips to help prevent dryness, cracking or chapping. Infused with responsibly sourced beeswax to richly moisturize and soothe lips, the nourishing oils and butters will make your lips juicy, happy and healthy. A matte finish keeps your lips their natural color, while the tint-free tube of lip moisturizer glides on smoothly to pamper dry lips while keeping them protected and hydrated. This pack features four refreshing flavors, including Pink Grapefruit, Mango, Coconut and Pear, and Pomegranate. Formulated without parabens, phthalates, petrolatum or SLS, this flavored lip balm is 100% natural origin to rejuvenate and beautify chapped lips with clean ingredients. You can conveniently tuck a tube of this moisturizing lip balm into your pocket or purse to keep natural, nurturing lip care at your fingertips. Playing by natures rules since 1984, Burts Bees uses ingredients from nature to nourish and revitalize your skin and lips, making products that have become a staple of your household. Burts Bees is the No. 1 dermatologist-recommended natural skin care brand (1). (1) Based on a September 2021 NielsenIQ national survey of U.S. Dermatologists.","0.03","0.1","0.85","25765",,"$","9.79","37"
"Valentine’s Candy Variety Pack 18 Count: Bulk Individually Wrapped Candy for Kids w/ Ring Pop, Push Pop, Baby Bottle Pop & Juicy Drop - Candy Gift for Birthdays, Party Favors & Valentine’s Day Parties","Bazooka Candy Brands","Bazooka Candy Brands lollipop candy mix is the ultimate bulk variety of hard candy this Valentine’s Day! Perfect for Valentine’s day this candy box comes with an assortment of iconic Ring Pop, Push Pop, Baby Bottle Pop, and Juicy Drop lollipops in several flavors. Bazooka Candy Brands' variety box is the gift that keeps on giving! Deliciously simple, this variety of Ring Pop and Push Pop lollipops have endless possibilities -- you can take them as Valentine's candy boxes, hand them out as party favors at the next party, or enjoy some with your kids at home. Each 18-count variety candy box contains 6 Ring Pop lollipops, 4 Push Pop lollipops, 4 Baby Bottle Pop lollipops, and 4 Juicy Drop lollipops in an assortment of fruity flavors: Strawberry (all), Blue Raspberry (all), Cosmic Strawberry Lemonade (BBP), Cherry Watermelon (PP). Unwrap the fun at your upcoming party because the variety pack means there are different tasty flavors for each to enjoy, but enough to go around and share the fun together! Bazooka Candy Brands' variety mix of hard candy lollipops is ideal for sharing! Our Valentine’s Day lollipop assortment is shelf-stable and long-lasting. Disclaimer: Not for children 3 and under.","0.03","0.08","0.86","27866",,,,"54"
"Valentines Day Gifts Movie Night Popcorn Gift Set, Valentines Day Gifts For Her Him, 10 Piece Set, 5 Gourmet Popcorn Kernels and 5 Popcorn Seasoning Flavoring, Kosher, Non-GMO Romantic Movie Night Gift Baskets Gift Idea","Pop n' Dulge",,"0.09","0.15","0.69","522",,,,"53"
"Body Restore Shower Steamers Aromatherapy 15 Pack - Valentines Day Gifts, Relaxation Birthday Gifts for Women and Men, Stress Relief and Luxury Self Care, Eucalyptus","Body Restore",,"0.1","0.15","0.66","19907",,"$","25.49","59"
"BAIMEI Jade Roller & Gua Sha, Face Roller Redness Reducing Skin Care Tools, Massager for Face, Eyes, Neck, Relieve Wrinkles, Self Care Gift for Men Women, Valentine's Day Gifts - Rose Quartz","BAIMEI",,"0.06","0.14","0.77","54895",,,,"58"
"Parima Valentines Day Gifts for Her - Trendy Travel Jewelry Case, Personalized Gifts - Pink Travel Jewelry Box | Birthday Gifts for Women Valentines Day Gifts for Teens Girls | Travel Jewelry Case","Parima",,"0.05","0.11","0.78","833",,"$","12.79","98"
"DOVE PROMISES Valentine's Day Individually Wrapped Dark Chocolate Candy Assortment, 15.8 oz Bag","Dove","Product DescriptionMade with only the finest cacao, DOVE PROMISES Silky Smooth Dark Chocolate Candy is a treat that will brighten your Valentine's Day. Each candy comes individually wrapped in foil with a special message inscribed on the inside. These assorted dark chocolate candy delights will be adored and appreciated all season long. Spread the love with friends and family by sharing a bag of DOVE PROMISES Dark Chocolate party favors, Valentines exchange, or Galentine celebrations. Whether eaten as a delightful treat or as a deliciously simple Valentine's Day dessert recipe, these iconic dark chocolates will make you feel indulgent and pampered. Treat yourself to rich dark chocolate in DOVE PROMISES Candy.Manufacturer Contact InformationHackettstown, NJ 07840-1503 USA","0.04","0.09","0.82","2009",,"$","9.28","51"
"Gifts for Women, Unique Spa Gift Basket Set for Mothers Day, Valentines Day - Christmas Gifts for Women, Mom, Friends Female, Sister, Her, Girlfriend, Wife, Teacher, Nurse","MADDIFY",,"0.04","0.17","0.77","132",,,,"60"
"Pop Fidget Toys Bulk Its Valentines Day Gifts for Kids Party Favors for Kids Toys 30 PCS Valentines Mini Pop Heart Keychain It Fidget Toy Pack Fidgets for Classroom Prizes Birthday Goodie Bag Stuffers","Genuvi",,"0.03","0.11","0.85","1469",,"$","13.99","50"
"Nut Cravings Gourmet Collection - Valentines Day Mixed Nuts Heart Shaped Gift Basket, Love in A Box (4 Assortments) Romantic Arrangement Platter, Healthy Kosher USA Made","Nut Cravings",,"0.06","0.12","0.7","19537",,,,"93"
"ChunRun Valentines Day Gifts - Drive Safe Keychain for Boyfriend - Birthday I Love You Gifts for Him Boyfriend Husband Mens","ChunRun",,"0.04","0.06","0.85","54",,,,"52"
"HeartSpace | Valentines Day Card | Handmade Sustainable Bamboo Love Cards | Anniversary Cards for Wife, Husband, Girlfriend | Wooden Memorable & Unique Valentines Gifts for Her, Him | Classic Hearts","HeartspaceCards",,"0.02","0.08","0.88","6354",,"$","13.49","92"
"32pcs Valentines Day Gifts for Kids - Valentines with Mini Pop Fidget Toys Bulk - Valentine Exchange for Girls Boys Classroom","Jetrvat",,"0","0","1","1",,"$","25.99","94"
"REESESValentines Day Milk Chocolate Peanut Butter Hearts 2LB Gold and Red Foils Individually Wrapped Bulk (2 Pounds)","CHAIN & JO SWEETS",,"0.06","0.09","0.67","161",,,,"91"
"Starburst All Pink Chewy Candy Variety Pack Valentines Candy - 1 Pound Approx 90 Of Strawberry Candy Holiday Fruit Snacks - Perfect Snacks For Kids & Adults Snacks, Candy Buffet and Valentines Day Gift Basket - Ideal Valentines Day Gifts - Candy Gift Basket","JO SWEETS",,"0.07","0.13","0.5","63",,,,"85"
"Otlonpe Rose Flower Gifts for Women,Valentines Day Gifts for Her,Birthday Gifts for Women,Gifts for Mom,Light Up Glass Rose Gifts for Girlfriend Wife,Mothers Day","Otlonpe",,"0.02","0.11","0.86","895",,"$","16.99","89"
"iWenSheng Drive Safe Keychain for Boyfriend - Drive Safe Handsome I Need You Here With Me Keyring Birthday Valentine’s Day Gifts for Him Boyfriend Husband Gifts","iWenSheng",,"0.04","0.07","0.86","3359",,"$","7.99","84"
"Butterfinger, CRUNCH, 100 Grand and Baby Ruth, Bulk 60 Count, Assorted Fun Size Chocolatey Candy Bars, Valentine’s Day Gift, 37.2 oz","Butterfinger","Enjoy the tasty variety of fan favorites like Butterfinger, CRUNCH, Baby Ruth and 100 Grand in this 60-count bag of assorted Fun Size candy bars. Discover a variety of chocolatey candy bars that are perfectly classic and delicious. From peanut-buttery Butterfinger to the chewy, crunchy goodness of Baby Ruth and 100 Grand, to the crunchy texture of CRUNCH you know and love, these classic candy bars are individually wrapped. Great for savoring as a treat, reward or during an office break getaway, these irresistible Fun Size bars also make the perfect candy to share with friends, family and coworkers. Grab a bag of assorted favorites today and add a variety of chocolatey treats to your every day.","0.06","0.14","0.76","1462",,"$","12.92","88"
"AISunGoo 30 Pcs Valentines Day Gift Bags with Cards for Kids Classroom Parties, Paper Treat Bags for Valentines Party Favors","AISunGoo",,"0","0","1","5",,"$","7.99","82"
"10 Pack Hand Cream for Dry Cracked Hands, Valentine Day Gift for Her, Christmas Gifts for Women Girls,Teacher Appreciation Gifts, Natural Plant Fragrance Mini Hand Lotion Moisturizing Hand Care Cream","YAERZI",,"0.09","0.15","0.66","2600",,"$","9.49","79"
"LEGO Roses Building Kit, Unique Gift for Valentine's Day, Botanical Collection, Gift to Build Together, 40460","LEGO",,"0.02","0.07","0.88","398",,"$","14.97","99"
"Valentines Day Cards for Kids - 36 Pack Love Bug Valentine Day Gifts for Kids & 12 Different Toy Bugs - Kids Valentines Day Cards Greeting Cards for Kids Classroom School Gifts Exchange Party Favors","catnee",,"0.03","0.11","0.85","201",,"$","11.99","96"
"Shower Steamers Aromatherapy Valentines Day Gifts for her - SWCANDY 8 Pcs Bath Bombs Valentine's Day Gifts for Women, Shower Bombs Self Care with Essential Oils, Relaxation Home SPA","SWCANDY",,"0.09","0.1","0.72","3082",,,,"76"
"GLAMOUR BOUTIQUE 27-Piece Forever Flowers Heart Shape Box - Preserved Roses, Immortal Roses That Last A Year - Eternal Rose Preserved Flowers for Delivery Prime Mothers Day & Valentines Day - Red","GLAMOUR BOUTIQUE",,"0.04","0.07","0.81","559",,"$","79.95","72"
"Meiidoshine 6 Pack Valentines Day Coffee Gift Card Holders, Teacher Valentine Gift Card Holder, Coffee Cup Giftcard Holder Appreciation Present for Teachers School Office Colleagues Staff Nurses","Meiidoshine",,"0","0.39","0.61","3",,"$","13.99","70"
"VANLOVEMAC Couples Matching Stuff Gifts for Boyfriend Girlfriend Valentine's Day Gifts for Couple Best Friends Him Her","VANLOVEMAC",,"0.03","0.1","0.84","384",,"$","9.99","90"
"SAPGIF Valentines Day Gifts for Her, Funny 12 OZ Coffee Mug Gifts for Girlfriend Wife from Boyfriend Husband Him, Cute Stuff for Women Her, Naughty Valentines Presents Gift Ideas","SAPGIF",,"0","0","0.72","10",,"$","11.99","83"
"Childom Valentines Day Gifts for Her,Birthday Gifts for Women,Artificial Preserved Flowers,Valentines Gifts for Mom Wife Girlfriend Grandma,Valentines Colorful Rainbow Light Up Rose in A Glass Dome","Childom",,"0.04","0.1","0.83","18440",,,,"69"
"ORIENTAL CHERRY Valentines Day Gifts for Kids - 24 Valentines Cards with Pop Bubbles Bulk- Valentine Exchange for Girls Boys School Class Classroom Fidget Toys Party Favors","ORIENTAL CHERRY",,"0.05","0.1","0.83","675",,"$","13.99","78"
"Hallmark Paper Wonder Musical Peanuts Pop Up Valentines Day Card (Plays Linus and Lucy), 999VCG1021","Hallmark",,"0.02","0.07","0.88","1898",,"$","9.49","75"
"LIGHT UP & POP UP Valentines Day Card Plays Music from 'Unchained Melody' - Romantic Happy Valentines Card for Him & Her - Valentines Card for Husband & Wife, Boyfriend or Girlfriend - 1 Pop Up Card","100 GREETINGS",,"0.03","0.07","0.86","3525",,"$","16.95","77"
"Birthday Gifts for Women, Relaxing Spa Gift Basket Set, Unique Gift Ideas for Women, Valentines Day Gifts for Her Mom Sister Best Friend Wife, Coworker Teacher Nurse Gifts for Women","EUASOO",,"0.04","0.09","0.85","1580",,"$","22.11","73"
"30 Pack Valentines Day Gifts for Kids, Mini Mochi Squishy Toys Set with Valentines Day Cards, Kids Valentine School Classroom Party Favor Stress Fidget Toys Bulk, Valentine's Day Party Exchange Gift","Feltom",,"0.06","0.18","0.65","51",,"$","13.99","67"
"Humorous Valentine's Day Card for Snoring Husband, Happy Vday Gifts Cards for Husband Wife Women Men, Snoring Loud Next To me Bday Card","Huameigf",,"0.03","0.08","0.89","97",,"$","6.99","68"
"ChocZero Keto Chocolate Truffle Gift - Premium Healthy Chocolates - Low Carb Present - Zero Sugar Valentine's Day Hazelnut Truffles - 16 Truffles, 8.5 Ounces Total","ChocZero",,"0.05","0.1","0.77","370",,,,"64"
"HERSHEY'S HUGS & KISSES Assorted Flavored, Valentine's Day Candy Bag, 23.5 oz","HERSHEY'S","This HERSHEY'S HUGS & KISSES Valentine's Day milk chocolate and white creme candy assortment includes two delicious, creamy chocolate treats. HERSHEY'S HUGS candies are a delectable combination featuring HERSHEY'S milk chocolate hugged by sweet white creme, and HERSHEY'S KISSES candies are the classic milk chocolate treats you already know and love. Gift these bite-size chocolates to a loved one or treat yourself at home, at work, or on the go. Individually wrapped in festive pink and silver foils and placed in an assortment bag for your sharing, gifting and snacking convenience, these treats are perfect for Valentine exchanges.","0.04","0.09","0.85","1647",,,,"61"
"Kinder Bueno Mini, Milk Chocolate and Hazelnut Cream, Valentine's Day Gift, Individually Wrapped Chocolate Bars, 5.7 oz","Kinder Bueno","Discover the unique and exceptional taste of Kinder Bueno Mini in this bag of bite sized chocolates. This share size bag contains 5.7 ounces of Kinder Bueno Mini chocolate bars. Smooth milk chocolate, creamy hazelnut filling and a crispy wafer deliver sensational taste with every bite. Make an ordinary moment extraordinary by adding the crispy, creamy deliciousness of a Kinder Bueno Mini milk chocolate bars to your coffee moment or movie night. These mini bars are perfect for enjoying with a friend. You can also make your desserts and baked goods more delicious by topping them with Kinder Bueno Mini.","0.02","0.06","0.88","11111",,,,"63"
"DUALFUN 24Packs Valentines Day Gifts for Kids, POP IT Valentines Cards with Keychains, Valentines Day Cards for Kids School Classroom Exchange Party Favors","DUALFUN",,"0.07","0.06","0.87","23",,"$","20.98","95"
"Confucia 32 Pack Valentine's Day Gifts Prefilled Mini Heart-Shaped Fidget Pop Toys, Perfect for Kids' Party Favors,School Gifts Exchange,Classroom Prizes, Safe & Scent-Free Keychain with Cards","Confucia",,"0","0","0",,,"$","16.99","55"
"Gifts for Women, Mom - Relaxing Spa Gift Basket for Birthday, Gifts for Women, Mothers Day, Valentines Day, Christmas, Unique Gift ideas for Sister, Wife, Grandma, Gifts for Women Who Have Everything","CITTA",,"0.02","0.08","0.88","567",,,,"81"
"Hallmark 15"" Extra Large Gift Bag with Tissue Paper (Happy Valentine's Day) for Kids, Teachers, Spouses","Hallmark",,"0.04","0.09","0.83","837",,"$","6.99","74"
"Godiva Chocolatier Valentine’s Day Heart Chocolate Gift Box - 14 Piece Assorted Milk, White and Dark Chocolate with Gourmet Fillings – Elegant Treat for Women or Men","Godiva Chocolatier",,"0.06","0.11","0.79","845",,"$","32.25","49"
"90PCS Prefilled Valentines Cards with Pop Fidget Toys Bulk-Valentines Day Gifts for Kids,Valentine Exchange Gift for Classroom,School Party Favors for Kids,Mini Pop Keychain,Valentine's Day Prize Toys","BicMan",,"0.04","0.12","0.81","223",,"$","9.99","57"
"U UQUI Preserved Real Rose with I Love You Heart Necklace 100 Languages, Valentines Day Gifts for Her, Birthday Gifts for Women Mom Girlfriend Wife,Forever Eternal Flower for Anniversary, Red Roses","U UQUI",,"0.05","0.12","0.77","1495",,"$","25.99","100"
"Hallmark 13"" Large Valentine's Day Gift Bags with Tissue Paper (2 Bags: Vintage Red Truck, Black and White Stripes) for Adults, Spouse, Husband, Boyfriend","Hallmark","LOVE FOR ALL. Celebrate love in all the ways it fills your life with this handsome bundle of Valentines Day gift bags. Pack of 2 large gift bags are perfect for books, toys, clothing or electronics. Unique designs including a classic red truck and black and white stripes make these gift bags great to have on hand for kids parties, classmate and teacher gifts, and presents for your husband, boyfriend, son, brother, friends and family. The Hallmark brand is widely recognized as the very best for greeting cards, gift wrap, and more. For more than 100 years, Hallmark has been helping its customers make everyday moments more beautiful and celebrations more joyful.","0.02","0.1","0.85","282",,"$","5.99","62"
"Ferrero Collection, 16 Count, Assorted Milk and Dark Chocolate Hazelnut and Coconut, Valentine's Chocolate, 6.1 oz","Ferrero Rocher",,"0.03","0.09","0.85","29239",,,,"86"
"28 Packs Valentines Day Greeting Cards with Cute Mochi Squishies Toys for Kids Stress Relief Valentine Exchange Gifts, Valentine Classroom Prizes Party Favors","DINESIL",,"0.09","0.15","0.7","215",,,,"80"
"Valentines Day Gifts for Kids 28 Pack Assorted Valentines Day Stationery Set, Valentines Cards Valentines Pencils Erasers Notepads, Valentine Treat Bags Goodie Bags Fillers Valentines Favors for Kids","AOJOYS",,"0.08","0.08","0.77","111",,"$","14.99","109"
"Valentines Day Gifts for Her, Funny Romantic Naughty Gifts for Her Tin Soy Candles Stress Relief Unique Gifts Ideas for Girlfriend Wife Women, 9oz Scented Candles","TGOOD",,"0.07","0.13","0.7","478",,"$","22.98","71"
"MEADIN Valentines Day Gifts for Kids - 32 Pack Prefilled Heart Pop Fidget Valentines Day Cards for Kids School - Valentine Exchange Cards for Boys Girls Classroom Class Gifts Party Favors","MEADIN",,"0","0.1","0.9","33",,"$","15.99","66"
"Couples Gifts Cute Keychain for Boyfriend Girlfriend Best Friend Christmas Valentines Day Matching Couple Stuff for Wife Husband Him Her Cat Lover Fiancée Anniversary Birthday Wedding Present Keyring","VANLOVEMAC",,"0.04","0.1","0.84","1043",,"$","13.99","128"
"Valentines Day Love Gifts for Him Husband Boyfriend - Gifts for Him, Mens Valentines Gifts, 17 oz Insulated Tumbler - Anniversary Birthday Gifts for Him Men - Husband Gifts from Wife","risadas",,"0.04","0.12","0.77","263",,"$","8.99","133"
"Valentines Day Gifts for Her, Galaxy Glass Rose Flower Forever Eternal Crystal Light Up Rose in Glass Dome with Butterfly Birthday Gifts for Women Mom Wife Girlfriend Grandma Purple","Pusuny",,"0.04","0.08","0.85","734",,"$","19.99","116"
"llxxeyopqdxz Husband Birthday Card From Wife, Wallet Insert Card, Anniversary Valentine Gifts for Men or Women, Love Gift for Him, Her, Boyfriend, Girlfriend, Birthday Gifts for Wife Husband","llxxeyopqdxz","Husband Birthday Card From, Wallet Insert Card, Anniversary Valentine Gifts for Men or Women, Love Gift for Him, Her, Boyfriend, Girlfriend, Birthday Gifts for Wife Husband, Romantic Gift Card","0.07","0.12","0.74","227",,"$","4.88","127"
"JELMOK Valentines Day Cards for Kids School, 32 Set Valentine Day Gifts Exchange Cards Crazy Straws Bulk for Kids, Valentine's Day Cards for Class Classroom Boys Girls Party Favors (#2)","JELMOK",,"0","0","0.79","33",,"$","12.99","111"
"Lebana Preserved Red Real Rose with I Love You Necklace - Birthday Gifts for Her Mom Wife Girlfriend Valentines Day Gifts For Her Mothers Day -Red","Lebana",,"0.07","0.16","0.72","167",,"$","65.99","138"
"ANYGIFT Valentines Day Gifts for Kids, 24 Packs Animal Building Blocks with Valentines Day Cards for Kids School, Valentines Gifts for Kids Boys Girls Classroom Party Favors Exchange Gifts","ANYGIFT",,"0.04","0.1","0.81","35",,"$","17.98","144"
"Pusuny Valentines Day Gifts for Her, Galaxy Glass Rose Forever Eternal Crystal Flower Light Up Rose in Glass Dome with Butterfly Birthday Gift for Women Mom Wife Girlfriend Grandma Colorful","Pusuny",,"0.06","0.1","0.8","578",,,,"110"
"24 Packs Valentines Day Cards for Kids with Fastfood Building Blocks for School Classroom Valentine's Gifts Exchange, Valentine's Party Favors for Kids, Valentine's Gift Cards Bulk, Valentine's Prizes","SpringFlower",,"0","0","1","2",,"$","19.99","134"
"Valentines Day Gifts Cards for Kids - 30 Packs Filled Hearts Valentines Day Cards with Emoticon Plush Keychains Classroom School Gift Exchange Party Favors Bulk Toys Treasure Box Carnival Prizes","Baisoo",,"0.08","0.16","0.74","188",,"$","26.99","141"
"ShyLizard 24PCS Valentine Cards for Kids Classroom School, Colorful Dough Toys with Cards Valentine Exchange Gifts, Kids Valentine Day Cards Gifts Exchange, School Classroom Valentines Party Favors","ShyLizard",,"0","0.11","0.89","57",,"$","16.99","126"
"ONEAGE Funny Valentines Day Card for Men Husband Boyfriend - Naughty Card Gift,Birthday Anniversary Christmas Stocking Stuffers Card for Him","ONEAGE",,"0.04","0.06","0.88","117",,"$","1.99","137"
"U UQUI Rose Bear Valentines Day Gifts for Her, Flower Bear Rose Teddy Bear with Box Lights Necklace Balloon Card, Cute Romantic I Love You Anniversary Birthday Valentines Day Gifts & Decor","U UQUI",,"0.07","0.12","0.75","2069",,"$","26.99","135"
"24PCS Valentines Day Cards with Small Stuffed Animals Plush Toys Set, Little Mini Stuffed Animal Keychain Valentine Exchange Cards for Kids Classroom School Exchange Prize, Valentines Day Gifts","CAMIRUS","24PCS Valentines Day Cards with Small Stuffed Animals Plush Toys Set, Little Mini Stuffed Animal Keychain Valentine Exchange Cards for Kids Classroom School Exchange Prize, Valentines Day Gifts","0.07","0.17","0.67","18",,"$","16.99","125"
"YNERHAI 2 Pack 13"" Valentines Gift Bags, Valentines Bags with Wrapping Paper, Valentines Day Gift Bags for Kids Him Her Boyfriend Girlfriend Classroom, Valentines Gift for Men Woman","YNERHAI",,"0.05","0.12","0.8","118",,"$","6.99","142"
"Valentines Day Gifts for Her Preserved Red Real Rose with I Love You Necklace -Eternal Flowers Rose Gifts for Mom Wife Girlfriend on Valentines Day Mothers Day Anniversary Birthday Gifts for Women","TRAALL",,"0.04","0.06","0.85","140",,,,"122"
"Inspirational Bracelets for Women Natural Stone Healing Relaxation Chakra Bracelet Gifts for Graduation Birthday Christmas Mothers day Valentines Thanksgiving Teacher Appreciation Gifts for Her Mom Best Friend Sister Women Girls","Pingyongchang","Embrace Meaningful Connections with Our Inspirational Bracelet.Present this carefully curated bracelet to your female friend, conveying your appreciation and friendship. With its adjustable size and natural stone beauty, it's not just an accessory but a heartfelt connection. Order now to make her special moments even more memorable.","0.03","0.12","0.8","98",,,,"131"
"Valentines Day Gifts for Her Wife, Valentines Gifts for Her, Wife Valentines Day Gifts, Gifts for Her, Girlfriend Gifts, Birthday Gifts for Her, 20 oz Insulated Tumbler, Valentines Day Her Gifts","OOPERAY",,"0.07","0.1","0.77","398",,"$","3.99","124"
"Valentines Day Cards for Kids - 32 Crazy Loop Reusable Drinking Straws with Colorful Cards, Valentine Party Favors for Boys & Girls, Kids Exchange Cards for School Classroom, Ideal Valentine Gifts","V-Opitos",,"0.1","0.15","0.65","219",,"$","17.99","129"
"LParkin Drive Safe Keychain Handsome I Love You Trucker Husband Gift for Husband Dad Gift Valentines Day Stocking Stuffer","LParkin",,"0.03","0.08","0.88","11974",,,,"115"
"Ptyfavor Valentines Day Gifts for Kids Class - 36 Pack Valentines Gift Cards with Squishies Animal Toys for School Class Exchange Gifts,  Boys Girls Toddlers Valentines Gifts","Ptyfavor",,"0.08","0.09","0.8","271",,"$","19.95","121"
"ASELFAD Morse Code Bracelets for Women,Friendships Inspirational gifts for Women Mom Wife Friends Female Best Friend Sister Grandma","ASELFAD",,"0.04","0.11","0.8","3553",,"$","9.99","120"
"Valentines Day Gifts for Her Heart Earrigns Love Heart Message Printed Lucite Arch Dangle Earrings Galentines Day Gifts Date Party Jewelry","BSJELL",,"0.05","0.1","0.8","51",,,,"117"
"Anditoy 24 PCS Valentines Cards with Mini Heart Pop Toys for Kids School Class Classroom Valentines Day Gifts Prizes Party Favors","Anditoy","Anditoy 24 PCS Valentines Cards with Mini Heart Pop Toys  Features: 1. The 24 PCS Valentines Cards with Mini Heart Pop Toys are perfect for kids, boys, girls, toddlers, valentines toys, valentines gifts, valentines party favors, valentines day cards gifts, school event prizes, class exchanging gifts 2. The Valentines mini pop toy is in heart shape, it's unique, specially designed for Valentine's Day, also in 8 bright colors, have a fun and Happy Valentines Day 3. Also there are 24 pcs exquisite Valentines Day Cards in the package that in 3 colors, each color 8 pcs - best Valentines Gifts with cards 4. There is a hole on the card, just use the chain (included) to connect the pop and card, so it is a valentines day gift with card 5. Push fidget sensory pop toys, press the bubble to hear the POP, stimulate your auditory senses for pleasure and release stress  Specifications: Styles: Heart Size: As pic shows Materials: Silicone","0.05","0.14","0.78","204",,"$","9.99","118"
"Greenke Valentines Day Rose Gifts for Her, Galaxy Purple Butterfly Rose in Glass Dome, Light Up Forever Rose Birthday Gifts for Women Mom Grandma Wife, Eternal Rose Gift for Mother's Day Anniversary","Greenke",,"0.04","0.1","0.83","2272",,"$","22.89","106"
"GIFTINBOX 24 Pack Valentines Day Cards with Heart Shaped Glasses Valentines Day Gifts For Kids Valentines Classroom Exchange Valentines Cards For Kids Classroom","GIFTINBOX",,"0.03","0.06","0.88","155",,"$","23.99","98"
"Valentines Day Gifts for Kids, 30 Pack Valentines Day Cards for Kids with Mini Heart Pop Fidget Toys for Boys Girls, Valentines Party Favors Classroom School Exchange Treat Prizes Activity for Class","UDOGI","Perfect for kids Valentine's Day gifts, valentines cards for kids classroom, valentines day cards for kids school, valentines day decor, children's Valentine's Day cards, classroom activities, gift exchanges, school classroom rewards and party favors. Package includes: 30 * Valentine Heat pop toys (10 designs) 30 * Valentines cards (3 designs) 30* OPP Bags 1* Exquisite box","0.08","0.12","0.76","90",,"$","15.99","101"
"SURCVIO Valentines Day Gifts for Kids, 28 Pack Mini Bubble Wands with Greeting Cards Valentines Animal Themes for Kids, Valentine's Day School Prizes Party Favor, Classroom Exchange Gifts","SURCVIO",,"0.04","0.12","0.79","101",,"$","17.99","103"
"Thuodo 28 Pack Valentines Day Stationery Gift Card Set for Kids, Valentines Classmates Exchange Gifts School Classroom Party Favors Supplies","Thuodo",,"0.05","0.15","0.71","47",,"$","15.99","97"
"TranquilBliss Rose Bear with Box - Artificial Flowers Rose Teddy Bear with Box, Greeting Card, Necklace - Cute & Romantic Valentine’s Day Gifts for Her, Women, Girlfriend, Wife (Red)","TranquilBliss",,"0","0","0.75","6",,"$","29.99","100"
"28 Packs Valentines Day Gifts Cards for Kids with Sticky Wall Climbing Men Ninja Set,Stress Relief Tricky Toys Wall Climbers for Kids Party Favor, Classroom Exchange Prizes, Valentine Greeting Cards","Shemira",,"0.12","0.09","0.64","58",,"$","21.99","105"
"ASELFAD Preserved Real Red Rose with I Love You Necklace -Eternal Flowers Rose Gifts for Mom Wife Girlfriend, Valentines Day Gifts for Her, Mothers Day Christmas Anniversary Birthday Gifts for Women","ASELFAD",,"0.05","0.12","0.78","5700",,"$","29.99","107"
"Wallet Insert Card Gifts for Men Husband from Wife Girlfriend Boyfriend Birthday Gifts Metal Mini Love Note Valentine Wedding Gifts for Groom Bride Him Her Deployment Gifts","Fleure Esme","When I say I love you more, I don't mean I love you more than you love me. I mean I love you more than the bad days ahead of us, I love you more than any fight we will ever have. I love you more than the distance between us, I love you more than any obstacle that could try and come between us. I love you the most. Every piece is crafted with love, and handled with care. Fleure Esme is an engraved crafts workshop committed to providing trendy gifts ideas at an affordable price that your significant other would love! You can trust that all our pieces are hand-crafted by people who really care.","0.03","0.06","0.88","1608",,"$","13.99","192"
"Valentines Day Cards for Kids- 24 Set of Butter Slime with Valentine's Day Card Bulk, School Classroom Valentine's Gifts Exchange, Valentine's Party Favors for Kids, Valentine's Prizes","AuroTops",,"0.1","0.05","0.7","49",,,,"104"
"Valentines Day Gifts - Preserved Red Real Rose with I Love You Necklace, Eternal Flowers Rose Gifts for Women, Mom, Wife and Girlfriend on Mothers Day Christmas Anniversary Birthday Gifts for Her","ChunRun",,"0","0","1","1",,"$","19.99","99"
"28 Packs Valentine Glowing Sticky Hands Valentine Day Greeting Exchange Card Gift For Kids School Classroom Valentine’s Party Favors Goody Treat Stuffer Bulk Prize Fidget Sensory Toys Toddler Boy Girl","Thremhoo",,"0.1","0.12","0.67","56",,"$","23.59","108"
"28 Pack Cootie Catcher Valentines Day Cards with Envelopes I Valentine's Day Greeting Cards Set I Origami Fortune Teller Game Valentines Day Gifts for Kids I Funny Gift Cards for Kids School Classroom","Kangaroo",,"0.08","0.11","0.73","1210",,"$","13.95","188"
"Womens Rose Gifts for Her Valentines Day,Birthday Gifts for Women,Red Preserved Flowers Rose Gifts for Mom,Valentines Day Gifts for Her,Real Rose Fresh Flower with Necklace for Women,Wife,Grandma","Childom",,"0.04","0.18","0.74","378",,"$","16.99","155"
"30 Sets Valentine's Day Stationery Toy Assortment Set Birthday Bags Goodie Bag Valentine Prizes Rewards Bulk Pack for Kids Girls Students Valentine's Day Party Favors School Classroom Exchange Gifts","Winlyn",,"0.09","0.1","0.74","102",,"$","21.99","156"
"MNIEYU Gold Rose 24K Plated Gold Dipped Rose, Forever Preserved Red Rose Flowers with Stand,Romantic Gift for Valentine's Day and Anniversary, Best Gifts for Her, Wife,Girlfriend, Mothers Day,Birthday","MNIEYU",,"0.05","0.15","0.74","1073",,"$","29.99","189"
"Feltom 28 Pack Valentines Day Gift Cards for Kids with Stacking Heart Pencils, Valentines Day Gifts for Kids Boys Girls, Valentine School Classroom Party Favor Exchange Prizes Toys Set","Feltom",,"0.11","0.36","0.53","21",,"$","19.37","163"
"QianCannaor Valentines Day Gifts for Kids Classroom-30 Pack Crystals and Gemstones Valentines Day Cards, Natural and Educational School Exchange Gifts for Boys Girls Class Party Favors","QianCannaor",,"0","0.19","0.7","12",,"$","18.99","65"
"JOYIN 28 Pack Valentines Day Gifts Cards for Kids with Llama Key Chain for Valentine's Classroom Exchange Cards and Valentines Party Favor","JOYIN",,"0.05","0.13","0.76","1016",,"$","15.99","149"
"Maad Romantic Novelty Toilet Paper - Funny Gag Gift for Valentine's Day or Anniversary Present","Maad","MAAD Brands Funny Novelty Toilet Paper is just the Gag Gift you were looking for!This roll of printed toilet paper will keep your loved ones laughing and laughing without giving a ‘sheet’! Change out the roll on your anniversary, suprise your loved one on Valentine’s Day or wrap as a present for your loved one simply to make them smile!MAAD Brands always provides each customer with a 100% satisfaction guarantee. There is truly nothing to lose! Get smiling with each wipe - Click “Add To Cart” Now!","0.08","0.12","0.75","2962",,"$","9.95","164"
"GHIRARDELLI Milk Chocolate Squares with Caramel Filling for Valentine’s Day Chocolate Gifts, 15.96 Oz Bag","Ghirardelli",,"0.03","0.09","0.84","5680",,"$","10.19","56"
"JOYIN 30 Packs Valentines Day Cards with Butter Slime, 6 Colors Valentines Slime Party Favors, Stress Relief Fidget Toys and Gift Cards for Kids Valentine's Day Classroom Exchange Gift, Prizes","JOYIN",,"0","0.23","0.6","9",,"$","18.99","153"
"YTKIH 24 Packet, Bulk Valentines Day Gifts for Kids Classroom Exchange, Include Cards, Slap Bracelet, Pencil, Eraser, Cup, Airplanes, Seal, Valentine Party Favors Class School Exchange","YTKIH",,"0.08","0.21","0.72","48",,"$","25.99","160"
"Ieftop Valentines Day Gifts for Her - Dainty Gold Necklace for Women, 14K Gold/White Gold Plated Cute Heart Necklace Handmade Disc Circle Bee Choker Necklace Gold Heart Necklaces for Women Girls","Ieftop",,"0.09","0.14","0.68","61",,"$","9.99","194"
"Giiffu 50 Pack Valentines Cards for Kids, Mason Jar Happy Valentines Day Cards, Funny Valentine Gifts for Classroom, Kids Valentines Day Cards for School Exchange Party Favors(Candy Not Included)","Giiffu",,"0.03","0.1","0.82","124",,"$","15.29","191"
"Valentines Day Gifts For Dog Mom & Dad, Thanks For Putting Up Valentines Day Cards,Valentines Day Gifts For Him, Valentines Day Gifts For Her,Valentines Day Gifts For Wife,Husband Valentines Day Gifts","Ithmahco",,"0","0","1","5",,"$","9.99","139"
"Asddage Valentines Day Gifts for Her,Valentines Rose Flowers Birthday Gifts for Women,Valentines Gifts for Wife,Valentines Day Gifts for Mom Girlfriend Grandma","Asddage",,"0.15","0.24","0.5","375",,"$","7.99","146"
"Desimtion Couples Valentines Day Gifts, I Love You Morse Code Bracelet, Gifts for Boyfriend Long Distance Relationships Matching Bracelets","Desimtion",,"0.06","0.11","0.76","4002",,"$","9.99","112"
"24 Pcs Valentines Day Gifts for Kids, Valentines Day Gift Cards with Heart-Shape Crystal Stone kawaii, Funny Valentine Exchange Card Preppy Gift for Boys Girls Classroom School Party","Sernaxi",,"0","0","0","1",,"$","10.99","190"
"KLUBI Date Night Dice for Couples 2 Engraved Wooden Dinner Food Decision Dice Valentine's Day Couple Gift for Him Her Date Night Ideas Games Valentines for Couples Gifts for Girlfriend Valentines Dice","KLUBI",,"0.07","0.13","0.77","241",,"$","15.99","119"
"JOYIN 28 Pack Valentines Day Stationery Kids Gift Set for School Classmates Exchange Gift, Valentine Party Favor, Includes Pencils, Erasers, Stamper, Stickers","JOYIN",,"0.06","0.12","0.81","903",,"$","26.99","87"
"GIFTINBOX 28 Pack Valentines Day Gifts for Kids Classroom, 196 Pcs Valentines Day Stationery Gift Set with Valentines Cards for Kids, Valentines Day Goodie Bag Stuffers, Exchange Gifts for Boys Girls","GIFTINBOX",,"0","0.08","0.92","50",,"$","21.99","123"
"Cheerin Valentines Day Card with Envelope - Romantic Valentines Day Gift for Boyfriend Girlfriend - Funny Anniversary Greeting Cards for Husband Wife - Sweetest Birthday Cards, Love Cards for Him Her","Cheerin",,"0.02","0.06","0.9","418",,"$","6.99","132"
"OOPERAY Valentines Day Him Gifts, Tumbler 17 oz HUBBY, Gifts for Husband, Valentines Gifts for Him Husband, Valentines Day Gifts for Him Boyfriend, Boyfriend Gifts, Husband Valentines Day Gifts","OOPERAY",,"0.05","0.1","0.78","620",,"$","4.99","130"
"Turandoss Valentines Day Gifts for Kids Girls - 14K Gold Filled Heart Pendant Letter Alphabet Necklace Tiny Initial Necklaces for Girls Gifts Heart Letter Initial Necklace Valentine Gifts","Turandoss",,"0.06","0.12","0.77","11041",,,,"102"
"Valentines Day Gifts for Her,Valentines Rose Birthday Gifts for Women Anniversary Rose Gift Decorations Beauty and The Beast Rose Flowers Romantic Red Silk Rose Flower in Glass Dome","Dream of Flowers",,"0.06","0.12","0.77","4285",,"$","42.99","233"
"[ Filled Heart Box ] 28 Pack Valentines Day Gifts for Kids 28 Different Pull Back Car Toys with 28 Valentine Cards for Kids Classroom Exchange Gifts School Prize Boys Girls Valentines Party Favors","AMENON",,"0.09","0.17","0.71","159",,"$","23.99","235"
"NEWNOVE Valentines Day Gifts for Her - Preserved Real Purple Rose with Purple Necklace - Flower Gifts for Women Wife Girlfriend Mom and Grandma, Anniversary Birthday Gifts for Women","NEWNOVE",,"0.05","0.12","0.8","2379",,"$","43.99","244"
"JoFAN 24 Pack Valentines Cards with Valentines Stretchy String Toys for Kids School Class Classroom Valentines Day Gifts Prizes Party Favors","JoFAN","Jofan 24 Pack Valentines Cards with Valentines Stretchy String Toys  Features: 1. The 24 Pack Valentines Cards with Valentines Stretchy String Toys are perfect for kids, boys, girls, toddlers, valentines toys, valentines gifts, valentines party favors, valentines day cards gifts, school event prizes, class exchanging gifts 2. There are 2 styles stretchy string for the pack, 12 spiky stretchy string + 12 stretchy string noodles, cost one but get two gifts, that's cool all in bright colors, have a fun and Happy Valentine's Day 3. Also there are 24 pcs exquisite Valentines Day Cards in the package that in 4 colors, each color 6 pcs - best Valentines Gifts with cards 4. There are 2 holes on the card, just use the wire (included) to connect the stretchy string and card, so it is a valentines day gift with card  Specifications: Style: Valentines Material: Rubber Package: 12 spiky stretchy string + 12 stretchy string noodles, 24 x Cards, 24 x Wires","0.06","0.11","0.78","38",,"$","9.99","231"
"Valentines Day Gifts Cards For Kids: 28 Pack Valentine Party Favors Dinosaur Unicorn Keychains-Valentines Exchange Cards for Kids Classroom-Boy Girl School Class Valentine Day Gift for Kid Game Prizes","BNLIK",,"0","0","1","4",,"$","9.99","114"
"Weflye 28 Pack Valentines Day gifts Cards with Invisible Ink Pen, Valentiens Cards for Kids Party Favor, Valentines Day School Classroom Prizes, Valentine Exchange Gifts","Weflye",,"0","0","1","1",,"$","19.99","113"
"HOME SMILE Ceramic Ring Dish Jewelry Tray for Mom Sister Friends","HOME SMILE",,"0.03","0.09","0.87","24615",,,,"240"
"URBANSEASONS Valentines Day Gifts for Her,Valentines Rose Flowers for Women,Valentines Gifts for Wife,Valentines Day Gifts for Mom Girlfriend Grandma，Beauty and The Beast Rose Flowers in Glass Dome","URBANSEASONS",,"0.07","0.13","0.75","2421",,"$","19.99","238"
"Kids Valentines Day Gift Cards - 40 Pack Exchange Cards with Crazy Straws Bulk - Colorful Crazy Loop Reusable Drinking Straws for Kids School Classroom Exchange Prizes, Valentine Party Favors Toy","Pzzleen","Great Option for Valentine's Day: Ideal for kids valentine cards for school exchange or valentine goodie bag stuffers or valentine candy bag stuffers or valentine party favors for kids.","0","0.21","0.79","6",,"$","15.99","239"
"Birthday Gifts for Women,Valentines Day Gifts for Her,Womens Gifts for Valentines,Preserved Red Rose Gifts for Mom,Real Rose Gifts with 100 Language Necklace for Wife,Her,Women,Mom,Grandma,Mothers Day","GOMALL",,"0.05","0.1","0.8","391",,"$","17.89","229"
"Pinkiwine 24 PCS Valentines Cards with Dinosaur Mochi Squishy Toys Squishies for Kids School Class Classroom Valentines Day Gifts Prizes Party Favors","Pinkiwine",,"0.07","0.19","0.7","258",,"$","17.99","236"
"Valentines Day Gifts - Valentines Gifts For Her, Him - Romantic Gifts for Wife, Girlfriend, Couples Gifts Ideas for Boyfriend, Husband - Gifts Set Valentines Card, Keychain ,Travel Mug Tumbler 20 Oz","365fury",,"0.04","0.06","0.87","305",,"$","16.95","243"
"SOUR PATCH KIDS Original and Watermelon Soft & Chewy Valentines Day Candy Variety Pack, 40 Snack Packs","Sour Patch Kids",,"0.04","0.1","0.83","461",,,,"247"
"KINGYAO Valentines Day Gifts for Kids-24 Pack Squishy Valentines Toys for Toddlers Teens Valentines Squishies Mochi Fidget Toys Classroom School Prize Party Favors for Boys Girls Ages 4-8 8-12","KINGYAO","Valentines Day Gifts for Kids- 24 Pack Valentines Mochi Squishy Toys for Boys and Girls","0.08","0.15","0.7","678",,"$","11.99","232"
"Winlyn 112 Pcs Valentine's Day Stationery Toy Assortment Set Valentine Goodie Bags Stuffers Valentine Rewards Prizes Bulk for Kids Students Valentine Party Favors Treats School Classroom Gift Exchange","Winlyn",,"0.11","0.07","0.82","23",,,,"228"
"Iefil Valentines Day Gifts for Her - 925 Sterling Silver Rose Heart Initial Letter Pendant Necklace Jewelry Mothers Day Valentines Anniversary Birthday Gifts for Her Mom Wife Girlfriend","Iefil","925 Sterling Sliver Rose Heart Initial Letter Necklace: Trendy and elegant necklace is suitable for women and girls in any occasions. You can gift it to your friend, lover, girlfriend, wife, sister, daughter, grandma and mother at Valentine’s Day present, Birthday, Mother’s day, Anniversary and Chrismas. Chain length: 18""+2"" Pendant Size:0.7""*0.9""  Material: Both the chain and pendant are made up of Sterling Silver and plated with white gold. Comfortable Wear: Lead free, nickel free and cadmium free, no irritation. Package: Rose Heart Initial Necklace comes with a Gift Bag, a Delicate Card, a Thank You Card, a Silver Polishing Cloth and an IEFIL Box. Jewelry Gifts: ❤ Aunts and Nieces Gifts ❤ Grandmas Gifts ❤ Teachers Day Gifts ❤ Memorial Days Gifts ❤ Valentines Day Gifts ❤ Mothers Day Gifts ❤ Mother and Daughter Gifts ❤ Bonus Mom Gifts ❤ Birthday Gifts ❤ Sister Gifts ❤ Girlfriend Gifts ❤ Graduation Gifts ❤ Friend Gifts Best Gifts for Her: Thank you for love of our product, when you recieve the gifts, we believe it is a surprise!","0.06","0.13","0.73","1487",,,,"285"
"HAMIMOS Valentines Day Gifts for Kids, Flower Building Blocks with Valentines Cards for Kids Classroom School & Stickers, Class Valentines Gifts Exchange, Party Favors for Kids Boys Girls -12 PACK","HAMIMOS",,"0.17","0","0.83","23",,"$","14.99","209"
"Keenvark Valentine Gifts for Kids, 28 Packs Valentines Day Stationery Supplies Set for Classroom Exchange Gift, Prefilled Valentine Goodie Bags, Valentine Treat Bags for Kids Party Favor","Keenvark",,"0.05","0.08","0.78","63",,"$","23.85","226"
"AISZG Valentines Day Gifts for Him/Her/Boyfriend,Foot Spa Bath Massager with 8 Massage Rollers,Collapsible Foot Spa with Heat,Pedicure Foot Soaking Tub,Mens Valentines Gifts","AISZG",,"0.08","0","0.62","47",,"$","28.98","140"
"Kiddokids 28 Packs Valentines Day Heart Shell with Mochi Squishy, Valentine Day Gift Cards with Kawaii Stress Relief Toys for Kids School Classroom Exchange Greeting Cards, Party Favors Games Prizes","KIDDOKIDS COOL THINGS FOR COOL KIDS","Quantity 28 Packs Cute Kawaii Mochi Squishy with Valentines Day Heart Shells and Valentine Cards.Feature  Fill the Valentine Shell with a Cute Kawaii Mochi Squishy and tie a Greatting Card to it send your warm greeting to your classmates. Size  Each Valentine’s Day Heart Shell measures 2.55 x 2.55 inches; Gift Card measures 2.4 x 2.4 inches; Each Mochi Squishy measures about 2 inches. Usage Best Way to show Holiday Spirit in School Classroom, Valentine's Day Party Favors, Church Events and more. Ideal for Valentines Exchange Gifts, Prize, Arts & Crafts, Love Notes. Suitable for all Ages. 100% satisfaction Feel free to contact us if products don’t meet your expectations.","0.12","0.12","0.71","53",,"$","14.99","287"
"SKPAND Handmade Romantic Gifts for Her Anniversary Present,Gorgeous Birthday Gifts for Wife Gifts from Husband,to My Love Valentines Day Gifts for Her Unique","SKPAND",,"0.05","0.13","0.77","244",,"$","62.66","230"
"WDQQ Candle Warmer Lamp, Candle Warmer Lamp with Timer & Dimmer, Candle Warmer Light for Jar Candles, Electric Candle Lamp Adjustable Height, with 2 Bulbs 50W Bulbs, Valentines Day Gifts for Her","WDQQ",,"0.02","0.06","0.84","73",,"$","28.98","286"
"AREOK Gifts for Wife Gifts from Husband, Happy Anniversary - Romantic Valentines Day Gifts for Wife Her, Best Wife Birthday Gifts, Ring Dish Holder, Jewelry Tray, Trinket Dish, I Love You","AREOK",,"0.03","0.1","0.85","1074",,"$","16.95","143"
"GUCED Galaxy Glass Rose, Birthday Valentines Day Gifts for Her Women, Valentines Gifts for Women Girlfriend Wife, Mothers Day First Gifts from Daughter Son Husband, Unique Gifts for Wife","GUCED",,"0.05","0.12","0.73","1049",,"$","15.99","234"
"Benresive 300 Pcs Valentines Day Stickers for Kids Classroom, Cute Valentines Day Water Bottle Stikers, Valentines Day Party Favors Bulk, Valentines Day Gifts for Kids Classroom Pack","Benresive",,"0.07","0.1","0.78","877",,"$","14.99","227"
"Godiva Chocolatier Valentine's Day Assorted Chocolate Truffles Gift Box with Red Ribbon - 36 Piece Gourmet Chocolate Selection with Milk Chocolate, Crunchy Almonds, Dark Chocolate Truffles & Salted Caramel","Godiva Chocolatier","This exquisite Godiva Chocolatier chocolate gift box unveils a sumptuous selection of milk chocolate delights. Crafted meticulously with the finest ingredients, each piece promises a creamy texture that gracefully melts on your palate, providing a luxurious taste experience. From from the deep allure of dark chocolate ganache with liquid fondant, to the comforting embrace of creamy sweet orange ganache and the vibrant notes of milk chocolate mousse and chocolate lava cake, each bite embodies Godiva's unwavering dedication to quality and irresistible flavor, making the festive season even more magical. Beyond being a sensory indulgence, this chocolate gift box is also a visual feast. Nestled within an elegantly designed elegant box, these chocolates make for a splendid and thoughtful Valentine present. The assortment is not only perfect for gifting, but it's also a delightful way to embellish celebrations like birthdays and anniversaries occurring throughout the year. Impress and pamper your loved ones with world-class chocolates or indulge yourself with a gourmet treat that embodies the spirit of giving. With Godiva Chocolatier, every moment becomes a festive celebration of premium chocolates.","0.02","0.08","0.84","391",,"$","66","250"
"VANLOVEMAC Valentines Day Gift Keychain for Husband Boyfriend From Girlfriend Wife Anniversary Birthday Gifts For Couple Keyring Women Men You Have My Heart Him Her Wedding","VANLOVEMAC",,"0.03","0.08","0.86","4425",,,,"225"
"Shemira 30 Pack Valentines Day Cards for Kids Classroom, 30 Heart Shape Galaxy Slime with Valentines cards for Kids School Classroom Gift Exchange, Valentines Gift for Kids, Valentine Classroom Favors","Shemira",,"0.08","0.07","0.77","95",,,,"288"
"Valentines Day Gifts for Wife, Gifts for Her, Girlfriend - Wife Valentines Day Gift Ideas, I Love You Gifts for Her - Anniversary, Birthday, Couples Gifts for Him Her Husband - Romantic Candle 10 oz","VIWIX",,"0.06","0.06","0.89","25",,"$","18.95","282"
"Cherislpy 24 Pcs Valentines Day Gifts Cards with Race Cars Pull Back Cars Toys Valentines Gift Exchange for Kids Him Her Party Favors Valentine's Day Decor","Cherislpy",,"0","0.27","0.27","4",,"$","5.99","284"
"Limited Edition M and M’s Milk Chocolate Bark, Valentine’s Day Candy Gift Bag, 5 Ounces","Morris National Inc","Indulge in the exclusive Limited Edition M and M’s Milk Chocolate Bark, specially crafted for Valentine's Day, making it a unique and delicious gift choice for your loved ones. This thoughtful Valentine's Day candy gift bag contains 5 ounces of sweet and crunchy milk chocolate bark, perfect for expressing your affection to someone special. Inside, you'll find the delightful combination of smooth milk chocolate and colorful M and M's, providing a burst of flavor and texture in every bite. Whether you're sharing it with loved ones or savoring it on your own, this candy treat adds a touch of delight to your Valentine's Day celebrations or gifting occasions. The sweet and crunchy goodness of M and M's Milk Chocolate Bark promises to satisfy your sweet cravings and elevate your Valentine's festivities.","0.38","0","0.62","3",,,,"261"
"DEEMEI Valentines Day Gifts for Her, Valentines Gifts for Women, Valentines Gifts for Mom,Galaxy Purple Rose Gifts for Mothers Day Birthday Christmas Crystal Flowers Light Up Rose in Glass Dome","DEEMEI",,"0.03","0.1","0.84","1494",,,,"272"
"Hershys Milk Chocolate Candy Valentines Day Gift, - 2 Pounds Approx 70 Holiday Candy Individually Wrapped Candy - Bulk Candy Chocolate Bars - Candy & Chocolate Gifts Chocolate Candy with To&From Packaging, Red & Pink Snack Size, Chocolate Gift Box Valentines Day","CHAIN & JO SWEETS",,"0","0","1","2",,,,"278"
"FINGOOO 72 Pcs Valentine's Day Plastic Treat Bags, Small Valentines Goodie Bag Candy Bags with Heart Shaped Window for Valentine Party Favor Bags Gift Exchange","FINGOOO","72 Pcs Valentine's Day plastic treat bags in 6 unique Valentine's themed patterns","0","0","1","1",,"$","3.79","256"
"Vegan Valentine's Day Gift Bag - Prefilled Bag w Vegan Treats, Snacks, Candies & Chocolates - Vegan Valentine's Candy Assortment for Her - Great Food Gift for Women, Adults & Kids","BUNNY · JAMES ·",,"0.12","0.1","0.65","153",,,,"260"
"Hershys Milk Chocolate Hearts Bar 2.5oz - 6PK Valentines Day Chocolate Candy King Size - Individually Wrapped Candy For Gift Basket - Ideal Snack For Adults & Kids - Perfect Chocolate For Gifting as Valentine's Day Chocolate Bars - Chocolate Candy Valentines Gifts","CHAIN & JO SWEETS",,"0","0","1","1",,,,"283"
"Pinkiwine 48 PCS Valentines Cards with Mochi Squishy Toys Squishies for Kids School Class Classroom Valentines Day Gifts Prizes Party Favors","Pinkiwine","Pinkiwine 48 PCS Valentines Cards with Mochi Squishy Toys  Features: 1. The 48pcs Valentines Cards with Mochi Squishy Toys are perfect for kids, boys, girls, toddlers, valentines toys, valentines gifts, valentines party favors, valentines day cards gifts, school event prizes, class exchanging gifts 2. There are 24 styles for the squishies, white heart, pink heart, red heart, pink rose, red rose, pink bear, white bear... all in valentines theme. Each style has 2pcs, 48pcs in total 3. Also there are 48 pcs exquisite Valentines Day Cards in the package that in 4 colors, each color 12 pcs - best Valentines Gifts with cards 4. Just put the double-sided adhesive tape (included) on the card, then put the squishy toys on it, so it is a valentines day gift with card  Specifications: Styles: Valentines Color: As picture shows Materials: Rubber","0.05","0.15","0.77","323",,"$","23.99","237"
"Gifts for Men, Dad Gifts from Daughter Son, Valentines Day Gifts for Him Boyfriend Husband, 9 in 1 Multitool Pen, Cool Tools Gadgets for Men, Mens Gifts for Christmas, Stocking Stuffers for Adults","SAPGIF",,"0.05","0.13","0.77","516",,"$","9.99","193"
"Valentines Day Gifts for Him Her,Cute Boyfriend Gifts,I Love You Gifts for Girlfriend,Valentines Day Gifts for Teens Kids,Anniversary Husband Wife Gifts,Anniversary Husband Wife Gifts","SELORY",,"0","0.41","0.59","3",,"$","10.99","292"
"36 Pack Valentines Day Gifts for Kids Heart Stress Balls with Cards Stress Relief Fidget Toy, 1.57Inch Heart Shape Mini Foam Balls,Party Favors,School Reward,Present Fillers,Classroom","fulasiteu",,"0","0","0",,,"$","11.99","306"
"JOYIN 60 Pcs Valentines Day Candy Holder Cards with Animal Designs, Valentine’s Cute Greeting Cards for Kids, Valentine Classroom Exchange Gifts, Party Favors (Zoo Animals)","JOYIN",,"0.08","0.19","0.5","38",,"$","6.99","302"
"Hidreas 32 Pack Valentines Day Gifts for Kids Classroom, Valentines Day Cards for Kids with Crazy Straws for School Gifts Exchange Valentines Party Favors","Hidreas",,"0.05","0.08","0.84","49",,"$","19.99","303"
"Valentines Day Flowers Roses Gifts for Her,16pcs Red Forever Preserved Roses in Heart Shape Gift Box,Valentines Day Delivery Prime Gifts-Roses Gifts for Women,Mom.","Roseshy",,"0","0.03","0.95","113",,"$","49.49","289"
"Dunkin' Chocolates Heart Box Valentine's Day Gift with all new Strawberry Frosted Flavor, Boston Kreme, and Brownie Batter, by Frankford Candy","Frankford","Delight your Valentine with something new this year, delicious donut flavored chocolates! Each giftable heart shaped box includes 5 oz of individually wrapped chocolates in three iconic Dunkin' donut flavors: Boston Kreme, Strawberry Frosted, and Brownie Batter. Boston Kreme includes a milk chocolate shell with Boston Kreme flavor filling, Brownie Batter includes a milk chocolate shell with Brownie Batter flavor filling, and Strawberry Frosted is a white chocolate shell with strawberry flavored filling. Makes the perfect Valentine's Gifts for kids, teens, and adults alike! By Frankford Candy","0.24","0.17","0.51","49",,"$","12.5","274"
"AMENON 24 Pack Valentines Day Cards Gifts for Kids with Heart Shaped Glasses 4 Colors Valentine Card Sunglasses Toy Set for Girls Boys Kids Valentines Party Favors Classroom Exchange School Prize Game","AMENON",,"0","0.35","0.65","10",,"$","18.99","291"
"Shemira 24 Packs Valentine's Day Cards for Kids with Flower Bouquet Building Blocks, School Classroom Valentine's Gifts Exchange, Valentine's Party Favors for Kids, Valentine's Gift Cards Bulk","Shemira",,"0","0","1","1",,"$","9.99","203"
"DENIMOMO Valentines Day Rose Flowers Gifts for Her,Forever Preserved Roses in Glass Dome, Anniversary Birthday Real Roses Gifts for Women Wife Mom Girlfrien/Purple","DENIMOMO",,"0.06","0.11","0.79","178",,"$","49.99","290"
"YWHL Gifts for Wife with Colorful LED Base I Love You Gifts for Her from Husband Best Anniversary Birthday Wife Gift Ideas Romantic to My Wife Crystal Keepsakes Presents for Valentine's Day Christmas","YWHL",,"0.03","0.09","0.84","854",,"$","37.99","297"
"Dabney Lee Mailbox for Valentines Day Gifts - Mini Mailbox Tin for Party Favors, Classroom Prize Supplies - Valentine Mailbox for Exchange Gifts and Greeting Cards","Designstyles",,"0","0","0","2",,"$","12.99","295"
"Valentines Day Gifts for Kids - 32 Pcs Valentines Crazy Straws Cards Gifts Reusable Straws for Kids, Valentines Day Cards for Kids Classroom Exchange Party Favor","mayace","Package Included: 32 x Valentine crazy drinking straws 32 x Valentine cards Valentine Cards Size: 13 x 6.8 cm/ 5.12 x 2.68 inches Valentine Straws Size: 10.6 inches How To Use: 1. Choose a straw and cross it to a card; 2. Fill in 'From' and 'To'; 3. Then you can give them out to anyone you like.  Ideal Valentine Day Gifts:  Best for children's Valentine's Day, classroom exchange activities, gift exchange between friends, children's Valentine's Day party favors, and the best kit as a prize for kids.","0.11","0.15","0.62","26",,"$","11.99","294"
"LWBDD 13"" Valentines Day Gift Bags 2 Pcs with Tissue Paper, valentine bag bulk for Birthday/Mother's day/Father's day (LOVE)","LWBDD","2 Piece White Love Gift Bag for Valentine's Day Mother's Day and Father's Day Birthday Party","0","0.08","0.84","18",,"$","3.99","293"
"J'FLORU Valentine’s Day Gifts,6 Pack Valentine’s Day Picks Berry Stems with Pink Hearts for Valentine’s Day Decor Anniversary Wedding Decorations(Pink)","J'FLORU","6 Pack Artificial Valentine’s Day Gifts-Berry Picks with Pink Hearts-17in Features: -Handmade with high-quality materials.Romantic and lasting. -Packed in cardboard box to avoid extrusion and deformation. -Perfect vase filler and great addition Valentine’s Day decor. Details: -Materials: Foam,Plastic,Iron. -Size: 17 inches tall. -Package: 6 *Valentine’s Day Picks. Note: If you have any questions about our products, please feel free to contact us. We will reply in time.","0","0.07","0.83","38",,"$","9.99","301"
"Valentines Day Gifts: I Spy Valentine's Day Book For Kids Ages 2-6: Unleash Your Little One's Imagination with the Exciting I Spy Valentine's ... ... Activity Book (Valentines day gift ideas)",,,"0","0","0.5","2",,"$","7.98","304"
"Cheerin Valentines Day Card with Envelope - Funny Valentines Cards for Men - Romantic Cards - Anniversary Card for Him - Appreciation Gifts for Husband - Hilarious Gag Gifts for Boyfriend Fiance","Cheerin",,"0.02","0.05","0.93","847",,"$","6.99","299"
"JOYIN 28 Packs Valentine's Day Gift Cards with Flashing LED Bracelets for Valentine Light Up Party Favor Toy, Valentine's Classroom Gift Exchange, Kids and Adults, Glow Accessories","JOYIN",,"0.14","0.17","0.55","30",,"$","22.99","305"
"THEMEROL Natural Gemstone Bracelet Gifts for Daughter Mom Sister Niece Aunt Wife Girlfriend Grandma","THEMEROL",,"0.03","0.07","0.87","140",,,,"300"
"Juegoal 28 Pack Valentines Day Gift Cards for Kids with Animal Plush Toys, Stress Relief Toy Animal Keychain Set, Valentines Party Favor Classroom Gift Exchange Supplies Bulk Game Prizes","Juegoal",,"0.05","0.16","0.68","113",,"$","21.99","296"
"Double Couple Gift for Mom Women-Rose Cute Bear - Rose Adorable Teddy Artificial Bear - Best Gift for Valentines Day, Mothers Day, Anniversary, Birthdays - Clear Gift Box Included! 10 Inches Tall","Double Couple",,"0.06","0.15","0.72","347",,"$","19.59","298"
"Valentine's Day Gifts For Her - Rose in Glass Dome Beauty and The Beast Rose - Rose in a Glass Mom Gifts Birthday Gifts Wedding Anniversary Decorations - Glass Rose | Rose with Dome | Rose Glass Dome","Norcalway",,"0.04","0.1","0.81","423",,"$","23.97","310"
